note,solution_id,designation,source_id,random_index,ref_epoch,ra,ra_error,dec,dec_error,parallax,parallax_error,parallax_over_error,pm,pmra,pmra_error,pmdec,pmdec_error,ra_dec_corr,ra_parallax_corr,ra_pmra_corr,ra_pmdec_corr,dec_parallax_corr,dec_pmra_corr,dec_pmdec_corr,parallax_pmra_corr,parallax_pmdec_corr,pmra_pmdec_corr,astrometric_n_obs_al,astrometric_n_obs_ac,astrometric_n_good_obs_al,astrometric_n_bad_obs_al,astrometric_gof_al,astrometric_chi2_al,astrometric_excess_noise,astrometric_excess_noise_sig,astrometric_params_solved,astrometric_primary_flag,nu_eff_used_in_astrometry,pseudocolour,pseudocolour_error,ra_pseudocolour_corr,dec_pseudocolour_corr,parallax_pseudocolour_corr,pmra_pseudocolour_corr,pmdec_pseudocolour_corr,astrometric_matched_transits,visibility_periods_used,astrometric_sigma5d_max,matched_transits,new_matched_transits,matched_transits_removed,ipd_gof_harmonic_amplitude,ipd_gof_harmonic_phase,ipd_frac_multi_peak,ipd_frac_odd_win,ruwe,scan_direction_strength_k1,scan_direction_strength_k2,scan_direction_strength_k3,scan_direction_strength_k4,scan_direction_mean_k1,scan_direction_mean_k2,scan_direction_mean_k3,scan_direction_mean_k4,duplicated_source,phot_g_n_obs,phot_g_mean_flux,phot_g_mean_flux_error,phot_g_mean_flux_over_error,phot_g_mean_mag,phot_bp_n_obs,phot_bp_mean_flux,phot_bp_mean_flux_error,phot_bp_mean_flux_over_error,phot_bp_mean_mag,phot_rp_n_obs,phot_rp_mean_flux,phot_rp_mean_flux_error,phot_rp_mean_flux_over_error,phot_rp_mean_mag,phot_bp_rp_excess_factor,phot_bp_n_contaminated_transits,phot_bp_n_blended_transits,phot_rp_n_contaminated_transits,phot_rp_n_blended_transits,phot_proc_mode,bp_rp,bp_g,g_rp,radial_velocity,radial_velocity_error,rv_method_used,rv_nb_transits,rv_nb_deblended_transits,rv_visibility_periods_used,rv_expected_sig_to_noise,rv_renormalised_gof,rv_chisq_pvalue,rv_time_duration,rv_amplitude_robust,rv_template_teff,rv_template_logg,rv_template_fe_h,rv_atm_param_origin,vbroad,vbroad_error,vbroad_nb_transits,grvs_mag,grvs_mag_error,grvs_mag_nb_transits,rvs_spec_sig_to_noise,phot_variable_flag,l,b,ecl_lon,ecl_lat,in_qso_candidates,in_galaxy_candidates,non_single_star,has_xp_continuous,has_xp_sampled,has_rvs,has_epoch_photometry,has_epoch_rv,has_mcmc_gspphot,has_mcmc_msc,in_andromeda_survey,classprob_dsc_combmod_quasar,classprob_dsc_combmod_galaxy,classprob_dsc_combmod_star,teff_gspphot,teff_gspphot_lower,teff_gspphot_upper,logg_gspphot,logg_gspphot_lower,logg_gspphot_upper,mh_gspphot,mh_gspphot_lower,mh_gspphot_upper,distance_gspphot,distance_gspphot_lower,distance_gspphot_upper,azero_gspphot,azero_gspphot_lower,azero_gspphot_upper,ag_gspphot,ag_gspphot_lower,ag_gspphot_upper,ebpminrp_gspphot,ebpminrp_gspphot_lower,ebpminrp_gspphot_upper,libname_gspphot,gaia_g_abs,wiseview_link,main_id,otype,updated_notes,literature,status
Variable in WISE. Excess mentioned in literature. I didn't get period.,1636148068921376768,J0347+1624,43629828277884160,792640454,2016.0,56.90290956979795,0.05884026,16.40242360263804,0.04250528,7.099143825534855,0.064794704,109.563644,63.478447,5.610726258427348,0.07732591,-63.23000241631296,0.05557061,0.17449728,0.18476698,-0.26447457,0.023021165,-0.19184984,0.094605826,0.2980336,0.11858886,-0.123733446,0.32648805,253,0,253,0,0.36690548,290.6048,0.14421266,1.0202259,31,false,1.7974755,,,,,,,,29,16,0.11312922,34,13,0,0.00959866,94.91684,0,0,1.0151685,0.33841336,0.37266538,0.31633005,0.5223705,-45.10933,-15.941271,-40.708305,32.230812,false,279,4205.907764080297,3.862462,1088.9188,16.627718,27,3165.7593883193545,15.772189,200.71782,16.587347,29,1597.1022189402368,11.012407,145.02753,16.739563,1.1324219,0,0,0,3,0,-0.15221596,-0.04037094,-0.11184502,,,,,,,,,,,,,,,,,,,,,,,NOT_AVAILABLE,172.62375431462914,-29.0083781577107,58.34521896706258,-3.4738973590021924,false,false,0,true,false,false,false,false,false,false,false,5.0943055E-10,2.5445799E-9,4.9933235E-5,,,,,,,,,,,,,,,,,,,,,,,10.883747846195178,http://byw.tools/wiseview#ra=56.90290956979795&dec=16.40242360263804&size=100&speed=50&band=3&minbright=-50&maxbright=100&window=1.5&zoom=10&gaia=1&outer_epochs=0,SDSS J034736.70+162409.2,WD*,"Excluded: Known disk. ",Rogers+ 2019 Guidry+ 2025,excluded
Variable High W1-W2,1636148068921376768,J0358+2157,53278867446391040,721649474,2016.0,59.61145708005414,0.06358091,21.9561221265342,0.035740796,27.673401020035044,0.07140552,387.5527,340.3287,222.45060913667,0.07156762,-257.5642761144165,0.044438522,0.02202902,0.4589955,-0.11088576,-0.035930503,-0.16882434,0.06052135,0.51366615,0.20029135,-0.19101046,0.12658131,370,0,369,1,0.87374747,403.30887,0.13797124,1.0027255,31,false,1.6126503,,,,,,,,42,17,0.10025474,47,9,0,0.03782172,90.625946,0,0,1.031632,0.5204353,0.54818493,0.21980768,0.2411701,-22.110453,-2.9993691,-19.01204,21.555334,false,385,4134.225478705021,2.3544028,1755.9551,16.646381,43,2457.361342138568,13.941136,176.26694,16.86237,42,2407.1096959565043,12.586614,191.24364,16.294155,1.1766342,0,0,0,1,0,0.5682144,0.21598816,0.35222626,,,,,,,,,,,,,,,,,,,,,,,NOT_AVAILABLE,170.27172727025592,-23.26999004343632,62.01012343782203,1.4211871520696444,false,false,0,true,false,false,false,false,false,false,false,1.0488067E-13,5.238737E-13,0.9998199,,,,,,,,,,,,,,,,,,,,,,,13.85669406102479,http://byw.tools/wiseview#ra=59.61145708005414&dec=21.9561221265342&size=100&speed=50&band=3&minbright=-50&maxbright=100&window=1.5&zoom=10&gaia=1&outer_epochs=0,LP  357-85,WD*,Excluded: Listed as DAZ. Pollution is likely raeson  to irregular MIR excess,Blouin+ 2021 Williams+2024,excluded
Gaia Pstar 0.75. Variable. Could be QSO,1636148068921376768,J0156+2041,97021902467451392,635052010,2016.0,29.060473680023257,0.7844256,20.688117113205045,0.6841441,3.587452064960232,0.8909569,4.026516,2.7273233,-2.719856132261562,1.0534965,0.2016788477349316,0.8078657,0.027785692,-0.13142288,-0.03113872,0.008029971,0.22987433,-0.010706443,-0.23824361,-0.06207114,0.16767727,0.08012207,134,0,134,0,1.0420424,153.35172,1.9576571,1.0889776,95,false,,1.4058766,0.25573063,0.22556669,-0.25087136,-0.27015626,-0.030439153,0.14529672,15,12,1.4632308,17,7,1,0.05357126,156.79262,0,0,1.0631706,0.19192158,0.19971415,0.09865052,0.85733336,-24.075577,-30.297226,-43.70053,24.910795,false,144,150.98888970917062,2.1683762,69.63224,20.240004,11,91.57692274587544,10.766973,8.505355,20.434076,10,179.1377305734698,10.574515,16.940514,19.114927,1.7929442,0,0,0,0,0,1.319149,0.19407272,1.1250763,,,,,,,,,,,,,,,,,,,,,,,NOT_AVAILABLE,142.75575047950244,-39.67599929269376,34.28159242592139,8.24315920873234,true,false,0,false,false,false,false,false,false,false,false,0.24121769,0.008130055,0.75064623,,,,,,,,,,,,,,,,,,,,,,,13.013934119804638,http://byw.tools/wiseview#ra=29.060473680023257&dec=20.688117113205045&size=100&speed=50&band=3&minbright=-50&maxbright=100&window=1.5&zoom=10&gaia=1&outer_epochs=0,,,Ambiguous source Plx 3.5 +-1 (high plx/err) Gaia pstar 075 is in QSO candidtes,,Included
High W1-W2 polluted?. I don't get period.  See WISEVIEW,1636148068921376768,J0204+2700,105814662595865216,223551074,2016.0,31.03061214386605,0.17426257,27.000707749620293,0.17151165,3.541221241466212,0.19100803,18.539646,12.568136,10.88458488958674,0.26906133,-6.283618842097654,0.24405348,0.19457452,0.069382444,0.18135314,0.01467737,0.02477268,0.008681079,0.09545416,-0.11928142,-0.036097787,0.2155373,177,0,177,0,0.28390488,183.48569,0.0,0.0,31,false,1.7581302,,,,,,,,20,12,0.396086,27,9,0,0.023189265,161.93352,0,0,1.0133989,0.2759756,0.13743432,0.20417845,0.9261853,-46.402683,-38.637142,-56.566902,26.587193,false,210,653.8678628843686,1.4831632,440.86035,18.648642,21,481.33352626154567,14.173475,33.960163,18.632427,20,251.6222211579669,12.148953,20.711432,18.746023,1.1209539,0,1,0,0,0,-0.11359596,-0.01621437,-0.09738159,,,,,,,,,,,,,,,,,,,,,,,NOT_AVAILABLE,142.3083290778256,-33.12150872831992,38.25507868628978,13.52303539182454,false,false,0,true,false,false,false,false,false,false,false,5.6306327E-8,1.0448834E-4,4.992802E-5,,,,,,,,,,,,,,,,,,,,,,,11.39440688932105,http://byw.tools/wiseview#ra=31.03061214386605&dec=27.000707749620293&size=100&speed=50&band=3&minbright=-50&maxbright=100&window=1.5&zoom=10&gaia=1&outer_epochs=0,GALEX J020407.3+270001,WD*,"Included: DA no mentioning of pollution. W1-W2 =0.75 ",,Included
PN with variability.,1636148068921376768,J0952+1344,615161091995252864,188413384,2016.0,148.2457063563613,0.12514028,13.742955225125414,0.12543845,1.3302829676155354,0.14580305,9.123835,15.569456,-15.53768087151695,0.1396356,0.9941978794786792,0.12538604,-0.5474986,-0.39085358,-0.37114337,0.33742803,0.2222768,0.29268342,-0.6789831,0.42710263,-0.26276493,-0.5311104,246,0,245,1,20.898867,1863.6285,0.8815596,70.505875,31,false,1.8950183,,,,,,,,28,15,0.2522567,31,19,0,0.058414854,7.61158,0,0,2.0906396,0.07137439,0.5238327,0.19046201,0.36344528,-118.33549,34.73254,7.3091955,-29.931238,false,268,7838.407919037695,9.793471,800.3707,15.9517975,31,6692.046255474446,27.67684,241.79228,15.774645,31,2518.091901820468,11.844197,212.60132,16.245216,1.1750011,0,0,0,0,0,-0.47057152,-0.17715263,-0.29341888,,,,,,,,,,,,,,,,,,,,,,,NOT_AVAILABLE,221.58902281633124,46.36357878254332,145.69588236114177,0.8374133152495558,false,false,0,true,false,false,false,false,true,false,false,5.0943066E-10,9.462719E-8,4.9933235E-5,23178.082,23062.352,23224.623,4.5023,4.4993,4.5037,-0.9948,-0.9986,-0.987,21692.373,21529.268,21738.842,9.0E-4,2.0E-4,0.0028,9.0E-4,2.0E-4,0.0028,5.0E-4,1.0E-4,0.0015,OB,6.571517638317864,http://byw.tools/wiseview#ra=148.2457063563613&dec=13.742955225125414&size=100&speed=50&band=3&minbright=-50&maxbright=100&window=1.5&zoom=10&gaia=1&outer_epochs=0,EGB  6,PN,Ecxluded: DAOZ. Well studied Mir emission associated to low mass companion.,Liebert+ 2013 Howard+ 2016,excluded
Tentatively variable and high W1-W2. See WISEVIEW,1636148068921376768,J0625+4134,958453288184344960,146094610,2016.0,96.25013567448664,0.107787855,41.56953311096109,0.096030764,4.130639026231068,0.11548873,35.766598,41.9765,-33.12386966658656,0.12486368,-25.784412316202868,0.09885128,-0.14069355,-0.21950282,-0.5393722,-0.0044079786,-0.22952172,-0.016448688,-0.728566,0.3003194,0.21203779,-0.26620322,413,0,410,3,0.37496126,438.83365,0.10180295,0.18730037,31,false,1.8001653,,,,,,,,47,17,0.19215776,50,35,0,0.08719188,0.29738972,0,0,1.0123771,0.45255005,0.4867658,0.30344725,0.7497874,15.802271,24.75834,28.830334,38.222317,false,423,1489.0465013668295,1.5490648,961.2552,17.755096,48,1095.396752801888,9.07376,120.721375,17.739614,46,560.440120247178,7.5525265,74.20565,17.876572,1.1120116,0,2,0,2,0,-0.13695717,-0.015481949,-0.12147522,,,,,,,,,,,,,,,,,,,,,,,NOT_AVAILABLE,172.65271411123177,13.0569813243847,94.91963865420784,18.2369303083031,false,false,0,true,false,false,false,false,false,false,false,5.0947574E-10,1.5247302E-8,4.993324E-5,,,,,,,,,,,,,,,,,,,,,,,10.83518265520622,http://byw.tools/wiseview#ra=96.25013567448664&dec=41.56953311096109&size=100&speed=50&band=3&minbright=-50&maxbright=100&window=1.5&zoom=10&gaia=1&outer_epochs=0,Gaia DR3 958453288184344960,WD*,"Excluded: Mag in literature. Variability just tentative. ",Favieres+ 2024,excluded
Variable in WISE. I don't get period. See WISEVIEW,1636148068921376768,J0745+5551,985948088265005696,1180092853,2016.0,116.3488335657433,0.053855535,55.85413369619587,0.04795488,8.24519244456788,0.09304762,88.61261,23.31099,15.311957991542066,0.07022014,17.576865751073793,0.064385846,0.38731378,-0.2562187,-0.47259834,-0.12152084,-0.35242265,-0.40522382,-0.045244057,0.49932003,-0.21144591,-0.22836027,487,0,486,1,-0.33749303,500.82373,0.0,0.0,31,false,1.7595135,,,,,,,,56,18,0.114260316,56,19,0,0.020573085,10.22236,0,0,0.98844814,0.2588014,0.18318817,0.3101347,0.73572946,121.026985,-35.71467,31.54374,-31.479675,false,485,2213.0651215905705,2.0175595,1096.902,17.32488,53,1604.5805554468334,10.250926,156.5303,17.325138,49,912.5142418628787,6.0467033,150.91103,17.347296,1.1373794,0,1,0,0,0,-0.022157669,2.5749207E-4,-0.022415161,,,,,,,,,,,,,,,,,,,,,,,NOT_AVAILABLE,161.81443037779755,29.597577650773573,107.48833699393283,34.00338229276112,false,false,0,true,false,false,false,false,false,false,false,5.3357163E-10,1.5722519E-7,4.993323E-5,,,,,,,,,,,,,,,,,,,,,,,11.905884583103584,http://byw.tools/wiseview#ra=116.3488335657433&dec=55.85413369619587&size=100&speed=50&band=3&minbright=-50&maxbright=100&window=1.5&zoom=10&gaia=1&outer_epochs=0,GALEX J074523.7+555115,WD*,Included: No excess mentioned in Favieres. No variability mentioned.,,"Included "
Variable high W1-W2. I didn't get period.,1636148068921376768,J1613+5521,1429618420396285952,179690673,2016.0,243.3190895732074,0.0307636,55.35717970637982,0.027579678,15.164779103911163,0.030095747,503.88446,28.496618,-27.55669982497956,0.038300525,-7.258479028026199,0.037064422,0.16528967,-0.30282852,-0.017738827,0.17311688,-0.087782666,0.1369875,-0.098872595,-0.03528073,-0.13201582,0.1793176,320,0,319,1,-0.63497484,328.2429,0.0,0.0,31,false,1.7485422,,,,,,,,37,27,0.056798927,41,17,0,0.0053441697,155.94504,0,0,0.9737167,0.114127554,0.15482838,0.013174993,0.17962861,-153.1458,-33.860554,15.119437,-7.9977274,false,322,7917.334454717049,7.0124807,1129.0348,15.940919,35,5662.352687303152,13.777377,410.98917,15.95605,38,3292.014050096772,9.977351,329.9487,15.954242,1.1309825,0,3,0,0,0,0.0018081665,0.015130997,-0.01332283,,,,,,,,,,,,,,,,,,,,,,,VARIABLE,85.23125810062255,44.20470693179861,208.52970678014697,73.11036931318736,false,false,0,true,false,false,true,false,false,false,false,5.0943055E-10,2.5449214E-9,4.9933235E-5,,,,,,,,,,,,,,,,,,,,,,,11.845099365373798,http://byw.tools/wiseview#ra=243.3190895732074&dec=55.35717970637982&size=100&speed=50&band=3&minbright=-50&maxbright=100&window=1.5&zoom=10&gaia=1&outer_epochs=0,SBSS 1612+554,WD*,Excluded: Mag in Favieres Var in Guidry.,Favieres+ 2024 Guidry+ 2024,excluded
High W1-W2,1636148068921376768,J1428+4403,1494157691363079168,72603932,2016.0,217.1413715956278,0.03539204,44.061940867793055,0.040743284,22.32060716944883,0.050894246,438.5684,279.15466,130.30926753252132,0.04164649,-246.8740875853996,0.05141147,0.15064798,-0.08258252,-0.09044004,0.087989114,-0.055070583,0.0696478,0.15616737,-0.019342264,-0.30403897,0.1601615,448,0,448,0,-1.1123006,426.6081,0.0,0.0,31,false,1.6326745,,,,,,,,51,29,0.074000336,63,18,0,0.03247546,107.98404,0,0,0.9621223,0.13136397,0.20823948,0.2025402,0.22943152,-85.72172,-64.359665,49.41905,33.213104,false,537,3295.1993365795192,2.0622928,1597.8329,16.892662,56,2007.264107905412,8.5618515,234.44276,17.082031,55,1760.4553160213072,10.064248,174.92169,16.633833,1.1433965,0,0,0,1,0,0.44819832,0.1893692,0.25882912,,,,,,,,,,,,,,,,,,,,,,,NOT_AVAILABLE,80.23363649510638,64.16660113324247,191.969825084116,54.15793270969549,false,false,0,true,false,false,false,false,false,false,false,6.3854684E-5,1.02064496E-10,2.0028494E-6,,,,,,,,,,,,,,,,,,,,,,,13.63619206928106,http://byw.tools/wiseview#ra=217.1413715956278&dec=44.061940867793055&size=100&speed=50&band=3&minbright=-50&maxbright=100&window=1.5&zoom=10&gaia=1&outer_epochs=0,G 200-42,WD*,Exclude: Polluted (DZ). High W1-W2 likely due pollution.,Coutu+ 2019 Blouin+ 2020 Bonsor+ 2020,excluded
Variable. I don't get period. See WISEVIEW,1636148068921376768,J1245+3724,1520396982307524224,690697642,2016.0,191.3835225326678,0.16544338,37.40870056206277,0.2231711,3.268513442005564,0.28138804,11.61568,16.765966,5.747720011947177,0.17841919,15.749962704225304,0.34358835,-0.02332309,-0.1559425,-0.24448997,-0.025010947,-0.40230468,-0.22245455,0.37194723,0.28943565,-0.25450107,-0.3190108,326,0,326,0,0.09083478,334.2888,0.0,0.0,31,false,1.7527368,,,,,,,,37,20,0.4965732,46,14,0,0.01627143,129.2695,0,0,1.0025476,0.10589698,0.14249939,0.14444816,0.47921157,-174.32344,77.93272,-51.69031,-3.6964045,false,377,390.7244510686968,1.0029564,389.57272,19.207691,37,266.6648482968295,4.8697453,54.759506,19.273628,39,167.3873734636764,6.3252025,26.46356,19.18859,1.1108909,0,1,0,2,0,0.08503914,0.06593704,0.019102097,,,,,,,,,,,,,,,,,,,,,,,NOT_AVAILABLE,129.46750154009624,79.64452020254683,172.84106003787136,38.29646417825564,false,false,0,true,false,false,false,false,false,false,false,7.9707665E-5,4.678563E-5,4.9926923E-5,,,,,,,,,,,,,,,,,,,,,,,11.779442569497412,http://byw.tools/wiseview#ra=191.3835225326678&dec=37.40870056206277&size=100&speed=50&band=3&minbright=-50&maxbright=100&window=1.5&zoom=10&gaia=1&outer_epochs=0,GALEX J124532.0+372430,WD*,Include: High W1-W2. Pure H in  Vincent et al. No mentioning of excess or pollution.,Vincent+ 2024 Garcia-Zamora+ 2025,Included
High W1-W2  polluted? . I don't get period.  See WISEVIEW,1636148068921376768,J1352+6456,1671173321062094208,286921427,2016.0,208.2045485987853,0.07214438,64.94636706925951,0.06458876,6.014719284131286,0.07466842,80.55238,70.74196,65.02100857201332,0.110778555,-27.869217819811475,0.09006475,-0.017200911,-0.14140007,-0.12435449,0.07354642,-0.039284747,0.066633806,-0.108926035,0.07877826,-0.0724286,-0.0798682,352,9,351,1,2.5763786,439.06918,0.22105652,0.89597785,31,false,1.7450839,,,,,,,,41,27,0.15457556,49,18,0,0.022982756,118.00441,1,0,1.0985267,,,,,,,,,false,363,1521.947172364707,1.91859,793.26337,17.731367,45,1080.8904188267582,8.314586,129.99931,17.754087,44,614.7535134348803,10.93616,56.21292,17.776142,1.114128,0,4,0,2,0,-0.022054672,0.022720337,-0.04477501,,,,,,,,,,,,,,,,,,,,,,,NOT_AVAILABLE,112.6871989050046,50.94352042685824,154.65956152417633,65.61178587405561,false,false,0,true,false,false,false,false,false,false,false,5.0943055E-10,2.544593E-9,4.9933235E-5,,,,,,,,,,,,,,,,,,,,,,,11.627443926112672,http://byw.tools/wiseview#ra=208.2045485987853&dec=64.94636706925951&size=100&speed=50&band=3&minbright=-50&maxbright=100&window=1.5&zoom=10&gaia=1&outer_epochs=0,SDSS J135248.93+645647.3,WD*,Include: No Excess in Favieres+. W1-W2 ~0.6,Favieres+ 2024,Included
High W1-W2  polluted? . I don't get period.  See WISEVIEW,1636148068921376768,J2220+2509,1879731813355212672,708796963,2016.0,335.0650742904573,0.058520135,25.151960759753827,0.06995486,7.288300430309995,0.077953205,93.49584,32.2873,19.01054828327653,0.086501405,-26.09729534834434,0.07930438,0.23973274,0.18601748,0.20397203,-0.22248663,-0.0053192563,-0.18321507,-0.07849702,-0.13299815,-0.15726426,0.037322633,299,0,295,4,0.030193856,308.018,0.13277033,0.44881225,31,false,1.7502621,,,,,,,,34,17,0.12173472,41,10,0,0.026486486,78.452354,0,0,1.0001043,0.045998327,0.33656114,0.15117304,0.67786175,79.226974,-64.62169,-10.458383,23.507511,false,350,2152.317034502817,2.11325,1018.4867,17.3551,34,1520.1078914821446,8.098595,187.70021,17.383856,31,887.3744584930414,10.8856945,81.51749,17.377628,1.1185538,0,1,0,0,0,0.0062274933,0.028755188,-0.022527695,,,,,,,,,,,,,,,,,,,,,,,NOT_AVAILABLE,84.7119882363808,-26.28246420659804,347.5603916752892,32.80260049272822,false,false,0,true,false,false,false,false,false,false,false,5.095978E-10,2.3260363E-8,4.993324E-5,,,,,,,,,,,,,,,,,,,,,,,11.66823196343254,http://byw.tools/wiseview#ra=335.0650742904573&dec=25.151960759753827&size=100&speed=50&band=3&minbright=-50&maxbright=100&window=1.5&zoom=10&gaia=1&outer_epochs=0,HS 2217+2454,WD*,Include: No Excess in Favieres+. W1-W2 ~0.5 Pure H in Vincent+,Favieres+ 2024 Vincent+ 2024,Included
Variable and excess. Gaia pstar 0.99.,1636148068921376768,J2239+3457,1903284864251328256,520042826,2016.0,339.8754565701576,0.5128344,34.96316997298688,0.61176866,3.805544351588657,0.7565446,5.030165,18.737362,7.435379369809964,0.6889911,-17.198950005207667,0.7281273,0.30158928,0.037454143,-0.16106473,-0.14359061,-0.1531768,-0.21139671,0.14545931,0.09032919,-0.26897293,0.13789709,331,0,326,5,33.778168,2265.147,5.9039264,77.53396,31,false,1.527375,,,,,,,,38,19,1.0611224,52,19,5,0.23275061,145.98276,29,6,2.5943065,0.07398959,0.31142512,0.19289868,0.266662,-82.92652,-60.250443,-14.861826,37.696323,true,397,359.4899908479947,3.5869823,100.22073,19.29815,40,257.7912976600834,7.481005,34.459446,19.310371,42,324.70084147998443,8.703956,37.304974,18.469187,1.6203293,0,40,0,42,0,0.8411846,0.01222229,0.8289623,,,,,,,,,,,,,,,,,,,,,,,NOT_AVAILABLE,94.48321051205755,-20.51821177308941,357.7114001808353,39.63706887936809,false,false,0,false,false,false,false,false,false,false,false,7.0757744E-7,6.465057E-7,0.999969,,,,,,,,,,,,,,,,,,,,,,,12.200233047773416,http://byw.tools/wiseview#ra=339.8754565701576&dec=34.96316997298688&size=100&speed=50&band=3&minbright=-50&maxbright=100&window=1.5&zoom=10&gaia=1&outer_epochs=0,,,Ambiguous source. Not in literature. Has some PM. Gaia Pstar 100%,,Included
Visible in WISE during first epochs then disappears.,1636148068921376768,J1848+3304,2090629997674885760,888331698,2016.0,282.18088587278964,0.1049993,33.0809391462486,0.12711638,2.8432237956964364,0.14063628,20.216858,5.6316314,5.631216691684393,0.14358735,0.0683439591865475,0.15431958,0.17299962,0.08567267,-0.14714198,-0.16831064,0.19850217,-0.21179312,-0.27871135,-0.25940606,-0.12831077,0.19951703,403,0,403,0,-1.0597677,380.76254,0.0,0.0,31,false,1.798444,,,,,,,,46,26,0.23462263,50,20,0,0.0027610133,177.05127,0,0,0.9618468,0.24175996,0.15412658,0.1282378,0.12838233,-107.38928,-82.87309,-39.842625,43.35876,false,401,646.906683553671,1.0953016,590.6197,18.660263,45,489.2814948710655,7.1006126,68.906944,18.614645,46,228.4047977279776,5.534568,41.26877,18.851133,1.1094124,0,2,0,1,0,-0.23648834,-0.045618057,-0.19087029,,,,,,,,,,,,,,,,,,,,,,,NOT_AVAILABLE,62.80472127015044,14.934725285748872,288.30789570084806,55.7486803426093,false,false,0,true,false,false,false,false,false,false,false,1.9316188E-7,4.5235345E-5,4.993097E-5,,,,,,,,,,,,,,,,,,,,,,,10.929318287535974,http://byw.tools/wiseview#ra=282.18088587278964&dec=33.0809391462486&size=100&speed=50&band=3&minbright=-50&maxbright=100&window=1.5&zoom=10&gaia=1&outer_epochs=0,Gaia DR3 2090629997674885760,WD*,Include: Outburst in first epoch(s) Pure H in  Vincent et al.,Vincent+ 2024,Included
periodic. See WISE Light curve.,1636148068921376768,J1822+5539,2150788814314276736,1599146541,2016.0,275.69537213071845,0.1415195,55.661745536379854,0.15546751,2.5713429805810057,0.15345125,16.756742,5.2143397,5.122536215162567,0.16355628,0.974147537997486,0.17853095,0.03878138,0.13804747,0.18025988,0.01711901,0.30262765,-0.056695152,-0.16899635,-0.040647198,0.088758565,0.12984502,262,0,262,0,1.426955,304.1016,0.4154889,0.79686207,31,false,1.6139921,,,,,,,,30,24,0.2569075,36,12,0,0.12544875,161.8422,0,0,1.0622723,0.2520914,0.018157946,0.11373716,0.15293658,-110.46319,25.850544,-29.648148,12.463524,false,289,603.6027222254289,9.736764,61.99213,18.735489,34,366.737496317644,32.48533,11.289327,18.927654,32,388.462479913,22.701693,17.111609,18.274523,1.2511541,0,3,0,2,0,0.6531315,0.19216537,0.4609661,,,,,,,,,,,,,,,,,,,,,,,VARIABLE,84.40012741647402,26.047991175081208,286.70542165531447,78.77034027739384,true,false,0,false,false,false,true,false,false,false,false,1.6991858E-4,0.99982697,1.7688475E-7,,,,,,,,,,,,,,,,,,,,,,,10.786288937668992,http://byw.tools/wiseview#ra=275.69537213071845&dec=55.661745536379854&size=100&speed=50&band=3&minbright=-50&maxbright=100&window=1.5&zoom=10&gaia=1&outer_epochs=0,,,Include: LPV in ZTF without p. I have period. SPT? See HR diagram.  In QSO candidates but that is weird as I have period.,,Included
periodic WISE Light curve.,1636148068921376768,J0011+3558,2877244599280935040,363638446,2016.0,2.8700622445276425,0.1322812,35.97299922026645,0.09384474,2.367537912455808,0.18033631,13.128459,20.03231,-12.20404603414548,0.23585184,-15.885675676540462,0.13448125,0.038453486,0.02250361,0.043935403,-0.0027936355,-0.07211521,0.011548412,0.0039061105,-0.06701093,0.12492248,-0.29714817,359,0,358,1,0.11622337,370.54636,0.0,0.0,31,true,1.4798917,,,,,,,,41,18,0.3326462,44,12,0,0.011831541,153.87456,0,0,1.0034318,0.13305907,0.3786505,0.121402584,0.3931864,-154.17084,0.2714188,46.111076,11.065409,false,349,703.2266018843104,1.1518617,610.51306,18.569628,41,301.03783478560973,14.999733,20.069546,19.141989,42,600.4625694853197,14.900286,40.29873,17.801682,1.2819487,0,0,0,0,0,1.3403072,0.572361,0.76794624,,,,,,,,,,,,,,,,,,,,,,,NOT_AVAILABLE,113.930477482419,-26.199368046782457,18.52473752867312,31.52118022674257,false,false,0,false,false,false,false,false,false,false,false,5.0456216E-5,0.0029576088,0.99697345,4428.255,4415.617,4437.544,5.0618,5.0542,5.0677,-3.4884,-3.4971,-3.4523,699.2886,680.3145,711.5904,0.7865,0.7614,0.8364,0.5914,0.5728,0.6281,0.3248,0.3146,0.3451,MARCS,10.441112473265992,http://byw.tools/wiseview#ra=2.8700622445276425&dec=35.97299922026645&size=100&speed=50&band=3&minbright=-50&maxbright=100&window=1.5&zoom=10&gaia=1&outer_epochs=0,,,Include: Periodic . Nothing in literature. MIR emission. SPT?,,Included
Variable High W1-W2.,1636148068921376768,J0515-1200,2989076893311254912,925002994,2016.0,78.84056892383323,0.105711885,-12.00067904216438,0.09532772,2.535473596036056,0.15976188,15.87033,15.816969,-7.366939203304145,0.123160385,13.996596454782216,0.13218139,-0.071465544,0.08436528,0.45523086,0.048086464,-0.24364407,0.11874621,-0.10060416,0.09916537,0.44610557,-0.30680558,472,0,470,2,-0.011507242,484.67783,0.0,0.0,31,false,1.5497177,,,,,,,,56,23,0.20731863,59,27,0,0.19092534,78.32809,0,0,0.998906,0.2615778,0.1678164,0.19298355,0.24216472,-105.079475,-3.8991842,-37.084785,39.171814,false,409,465.5241579957012,5.395671,86.27734,19.017511,44,223.8588342746661,11.47283,19.512085,19.463606,47,339.09027572139394,17.402044,19.485657,18.422108,1.2092801,1,0,0,2,0,1.0414982,0.4460945,0.5954037,,,,,,,,,,,,,,,,,,,,,,,VARIABLE,213.15654774781552,-26.6892659183898,76.65047124218403,-34.92424858927791,false,false,0,false,false,false,true,false,false,false,false,9.258073E-8,1.4961362E-5,0.99996126,,,,,,,,,,,,,,,,,,,,,,,11.037806829013704,http://byw.tools/wiseview#ra=78.84056892383323&dec=-12.00067904216438&size=100&speed=50&band=3&minbright=-50&maxbright=100&window=1.5&zoom=10&gaia=1&outer_epochs=0,,,Include: Variable High W1-W2.SPT?,,Included
LPV high W1-W2. GAIA Pstar 99. Not certain what this is.,1636148068921376768,J0604-1557,2992255542771564544,1606697048,2016.0,91.08333928424824,0.1255041,-15.9624739996512,0.15798162,0.9611648315608656,0.21381192,4.495375,4.5219655,-4.115096841310328,0.16778068,1.874606803068486,0.18890128,-0.085508354,-0.05948156,-0.11116301,0.2275095,-0.071442984,0.24645248,-0.33205232,0.043425605,0.044810522,-0.07803306,500,0,500,0,13.959258,1123.8019,1.4582865,17.58878,31,false,1.6280015,,,,,,,,57,23,0.27531198,60,28,0,0.07123934,139.52594,0,0,1.4742323,0.14206815,0.17320801,0.18123616,0.41401005,54.543465,87.790344,54.799656,-35.38524,false,501,781.6186221083583,2.6085267,299.63986,18.45488,55,582.2290100132383,9.292861,62.653366,18.425808,55,521.4587053433468,9.23956,56.43761,17.954845,1.4120541,0,3,0,1,0,0.47096252,-0.029071808,0.50003433,,,,,,,,,,,,,,,,,,,,,,,NOT_AVAILABLE,222.3002286928273,-17.45951217784655,91.34789955508464,-39.39668604785444,false,false,0,false,false,false,false,false,false,false,false,1.9102887E-7,4.891176E-10,0.9998393,,,,,,,,,,,,,,,,,,,,,,,8.368869119994546,http://byw.tools/wiseview#ra=91.08333928424824&dec=-15.9624739996512&size=100&speed=50&band=3&minbright=-50&maxbright=100&window=1.5&zoom=10&gaia=1&outer_epochs=0,,,Ambiguous source. LPV with MIR emission. Gaia pstar 99. Not in QSO cand.,,Included
periodic. See WISE Light curve.,1636148068921376768,J0502-0431,3212777477488520192,1758517811,2016.0,75.67646204156874,0.3221811,-4.530104607130133,0.19498217,6.017304486376963,0.48934323,12.296696,39.272594,34.09605231786664,0.4978638,19.48835002940839,0.32688206,0.046561074,-0.22120261,-0.31361347,0.02903021,-0.021660738,0.05567502,-0.27579248,0.51326376,-0.11445331,-0.25817093,374,0,372,2,-1.0471225,356.89676,0.0,0.0,95,false,,1.3389438,0.079439886,-0.14132462,-0.041563082,-0.14011338,-0.049996506,0.34486192,43,19,0.7376811,49,18,0,0.040433742,81.42349,0,0,0.9606492,0.19599651,0.4593705,0.07605388,0.19548675,-26.219597,-4.0626273,-15.966844,43.1908,false,376,256.83464211516724,0.8492512,302.42484,19.663233,42,102.71932419981096,6.852904,14.989167,20.309412,45,256.3374556865648,7.2403913,35.403812,18.725864,1.3980076,0,3,0,3,0,1.5835476,0.6461792,0.9373684,,,,,,,,,,,,,,,,,,,,,,,NOT_AVAILABLE,204.1265728069432,-26.18824983689069,73.90568125796233,-27.172639173400743,false,false,0,false,false,false,false,false,false,false,false,4.9022938E-6,2.2635573E-4,0.99968326,,,,,,,,,,,,,,,,,,,,,,,13.56024274397366,http://byw.tools/wiseview#ra=75.67646204156874&dec=-4.530104607130133&size=100&speed=50&band=3&minbright=-50&maxbright=100&window=1.5&zoom=10&gaia=1&outer_epochs=0,,,"Include: Periodic. Nothing in literature. X-ray source near ~5"".",,Included
Tentatively Variable and high W1-W2. See WISEVIEW,1636148068921376768,J0343+0436,3274859168166983936,1084452928,2016.0,55.92567043499014,0.1759006,4.610940004803241,0.12809832,2.5848153418397213,0.24443454,10.574674,19.6492,4.1181683592190765,0.21832229,-19.212801830653586,0.17136863,-0.07576372,0.29487222,-0.02298998,-0.013837431,-0.39200324,0.14610544,0.64065105,0.1294872,-0.4431661,0.10311531,428,0,427,1,-0.75494367,414.6849,0.0,1.956631E-15,31,false,1.7595483,,,,,,,,49,15,0.30631658,49,9,0,0.104752295,87.57725,0,0,0.97334373,0.48922363,0.52460396,0.18725607,0.6191732,-12.5763,4.181493,4.498784,21.407246,false,421,596.7338201797214,1.0696744,557.8649,18.747915,45,436.4287732701213,6.8403044,63.802536,18.738758,45,237.0603889807853,7.4025354,32.024216,18.810747,1.1286258,0,1,0,2,0,-0.07198906,-0.009157181,-0.06283188,,,,,,,,,,,,,,,,,,,,,,,NOT_AVAILABLE,182.26534839354488,-37.69325816108064,54.72550739720129,-14.753512734306211,false,false,0,true,false,false,false,false,false,false,false,6.367187E-8,2.1334425E-4,4.9922586E-5,,,,,,,,,,,,,,,,,,,,,,,10.81006288152632,http://byw.tools/wiseview#ra=55.92567043499014&dec=4.610940004803241&size=100&speed=50&band=3&minbright=-50&maxbright=100&window=1.5&zoom=10&gaia=1&outer_epochs=0,GALEX J034342.1+043639,WD*,Include: Pure H in Vincent+. W1-W2 ~0.7,Vincent+ 2024,Included
No excess in Favieres+. High W1-W2,1636148068921376768,J1257-1541,3524299530004630528,1287170617,2016.0,194.30399874259,0.14088804,-15.687948024211234,0.123260014,19.63934583719982,0.18024282,108.96049,116.05674,-85.46500107232792,0.1994532,78.51688073164948,0.1894337,-0.277969,-0.14005409,-0.0103846975,-0.02675253,-0.14854941,0.04147011,-0.085780025,-0.13287973,0.33758911,-0.35299066,247,0,246,1,0.6738799,266.36084,0.0,0.0,31,false,1.4520628,,,,,,,,28,15,0.31551555,30,11,0,0.011182934,131.54796,0,0,1.029454,0.21449453,0.38851708,0.18157005,0.5640171,-130.05762,37.11888,-8.101235,-24.378922,false,242,790.0149272886918,1.4192296,556.6505,18.44328,28,354.62003292756765,9.604985,36.920414,18.964134,28,633.3950374931226,6.5513916,96.68099,17.74371,1.2506284,0,0,0,0,0,1.2204247,0.52085495,0.6995697,,,,,,,,,,,,,,,,,,,,,,,NOT_AVAILABLE,304.9774703605054,47.16085161652868,199.2505197570616,-8.827997955926447,false,false,0,true,false,false,false,false,false,false,false,1.021814E-13,5.1039094E-13,0.99998546,,,,,,,,,,,,,,,,,,,,,,,14.90891435570326,http://byw.tools/wiseview#ra=194.30399874259&dec=-15.687948024211234&size=100&speed=50&band=3&minbright=-50&maxbright=100&window=1.5&zoom=10&gaia=1&outer_epochs=0,Gaia DR3 3524299530004630528,WD*,No excess in Favieres+.  Pure H	 in Vincent+. Low SNR W1-W2 ~0.65,Favieres+ 2024 Vincent+ 2024,Included
Variable. I don't get period. See WISEVIEW.,1636148068921376768,J1302+0149,3691882694264384128,871796038,2016.0,195.7071080974028,0.3304599,1.821670185564346,0.19140418,4.494759469342,0.3587122,12.530267,39.955128,-26.84020181200382,0.48369744,-29.59756337298039,0.35228702,-0.14166297,-0.13412543,-0.20328355,-0.17234018,-0.03884254,-0.16163294,0.025767576,0.17025529,-0.2038954,-0.14667436,239,0,238,1,-0.5766443,230.41159,0.0,0.0,31,false,1.699539,,,,,,,,28,15,0.68203336,33,9,0,0.021653878,6.6558757,0,0,0.9719893,0.14704931,0.4588299,0.25838727,0.34518972,-106.53744,17.73884,-7.4967103,-22.592321,false,261,312.65453174624474,1.3887872,225.12775,19.449705,28,212.16017999513213,9.3063135,22.797445,19.521883,27,156.78519019517145,9.672676,16.209082,19.259632,1.1800417,0,3,0,4,0,0.2622509,0.07217789,0.19007301,,,,,,,,,,,,,,,,,,,,,,,NOT_AVAILABLE,309.5664886376942,64.54658939276091,193.75947349792847,7.862571164893818,false,false,0,false,false,false,false,false,false,false,false,7.416268E-6,5.828549E-10,0.99999154,,,,,,,,,,,,,,,,,,,,,,,12.713237404100228,http://byw.tools/wiseview#ra=195.70710809740277&dec=1.821670185564346&size=100&speed=50&band=3&minbright=-50&maxbright=100&window=1.5&zoom=10&gaia=1&outer_epochs=0,2QZ J130249.7+014919,WD*,Not much info. Variable.,,Included
High W1-W2 polluted?. I don't get period.  See WISEVIEW,1636148068921376768,J1105-0446,3788456236505640064,776565260,2016.0,166.42538069991556,0.20123358,-4.771573643336528,0.15731569,2.97466692103282,0.21459198,13.861967,53.268696,-52.95248524030514,0.24993493,5.795548545464684,0.19761755,-0.13520302,-0.24035113,-0.18715407,0.12717015,-0.06188532,0.12139293,-0.046714455,-0.0877672,-0.032744244,-0.1942223,217,0,217,0,0.4158303,227.36595,0.19078879,0.12890899,31,false,1.790755,,,,,,,,25,15,0.3589989,31,10,0,0.02840424,127.625015,0,0,1.0186799,0.12133489,0.21609402,0.24093378,0.80131817,-105.00495,17.85758,-6.014768,-23.077593,false,256,604.9353758209064,1.545025,391.5376,18.733095,29,438.62626772514005,10.516606,41.707966,18.733305,28,220.22393050058025,11.040894,19.946205,18.890734,1.0891249,0,1,0,1,0,-0.15742874,2.0980835E-4,-0.15763855,,,,,,,,,,,,,,,,,,,,,,,NOT_AVAILABLE,260.24227064187045,49.13426228524155,169.38731133689856,-9.75052251538258,false,false,0,false,false,false,false,false,false,false,false,5.09534E-10,3.4911154E-9,4.9933235E-5,,,,,,,,,,,,,,,,,,,,,,,11.100286889212429,http://byw.tools/wiseview#ra=166.42538069991556&dec=-4.771573643336528&size=100&speed=50&band=3&minbright=-50&maxbright=100&window=1.5&zoom=10&gaia=1&outer_epochs=0,Gaia DR3 3788456236505640064,WD?,Not much info. in Fusillo+  Pwd 100. Low SNR W1-W2 ~0.8,,Included
Excess in Favieres+ 2024 but I see also tentative variability. High W1-w2.,1636148068921376768,J1147+2831,4019789359821201536,239585975,2016.0,176.9937447658225,0.09511046,28.53231989527165,0.079555236,6.8347132711621486,0.103634134,65.95041,132.78772,-131.08945990516048,0.094249606,21.16917648121254,0.08846061,0.037894133,-0.39719835,0.1745246,0.16345984,-0.20259462,0.09755614,0.15538363,0.02103903,-0.2016684,-0.106309704,197,0,197,0,-1.1790856,195.60927,0.0,0.0,95,false,,1.7523932,0.024086002,-0.37560168,-0.05669795,0.14619473,0.030218082,-0.03815406,23,14,0.13447507,23,8,0,0.018864056,114.283966,0,0,0.9385742,0.36080807,0.108170405,0.29781157,0.8108323,-89.78053,46.562992,5.745981,-16.493689,false,196,1906.3129884405823,2.9146845,654.03754,17.486881,19,1360.768234205855,9.532506,142.75032,17.504082,17,779.8190381442372,10.197513,76.4715,17.51791,1.1228939,0,1,0,1,0,-0.013828278,0.01720047,-0.031028748,,,,,,,,,,,,,,,,,,,,,,,NOT_AVAILABLE,203.53134013595155,75.90972762400804,165.1713009298944,24.82901553912034,false,false,0,true,false,false,false,false,false,false,false,5.0943055E-10,2.5445799E-9,4.9933235E-5,,,,,,,,,,,,,,,,,,,,,,,11.66048275525764,http://byw.tools/wiseview#ra=176.9937447658225&dec=28.53231989527165&size=100&speed=50&band=3&minbright=-50&maxbright=100&window=1.5&zoom=10&gaia=1&outer_epochs=0,US 2966,WD*,Excluded: Mag in Favieres Var in Guidry.,Favieres+ 2024 Guidry+ 2024,excluded
Variable high W1-W2. Crowded area.,1636148068921376768,J2000+1043,4300690533211258240,1706586586,2016.0,300.1611735287403,0.62188125,10.71881195390909,0.6046815,2.0651167489816524,0.87167454,2.3691373,9.871064,-9.551383597435496,0.80554295,-2.4917816959912016,0.9166493,0.34542072,0.09098069,-0.36199293,-0.27330947,-0.10144337,-0.19637157,-0.33206272,-0.24346116,-0.33496252,0.27692005,174,0,172,2,1.6754185,207.8968,2.3290555,1.9395186,95,false,,1.6253468,0.17617865,0.15586533,0.25680757,0.05845467,-0.08953342,-0.4259046,20,13,1.4249808,24,24,0,0.20834777,50.54164,1,0,1.0912776,0.29502586,0.32210144,0.098741286,0.34719124,165.21121,-41.488598,-6.39601,34.614906,false,195,158.97697605752953,4.4371233,35.82884,20.18403,20,106.48590574531772,10.399908,10.23912,20.270311,19,137.17116925690414,28.999685,4.7300916,19.404737,1.5326563,0,0,0,1,0,0.8655739,0.08628082,0.77929306,,,,,,,,,,,,,,,,,,,,,,,VARIABLE,50.59805931854137,-10.093722288988328,304.9841576349289,30.56829360417876,true,false,0,false,false,false,true,false,false,false,false,0.7741153,0.011712737,3.185969E-4,,,,,,,,,,,,,,,,,,,,,,,11.75875357794488,http://byw.tools/wiseview#ra=300.1611735287403&dec=10.71881195390909&size=100&speed=50&band=3&minbright=-50&maxbright=100&window=1.5&zoom=10&gaia=1&outer_epochs=0,,,Ambiguous: Likely QSO Exclude?,,included
High W1-W2 polluted?. I don't get period.  See WISEVIEW,1636148068921376768,J0309-6904,4646377710523903104,1431002342,2016.0,47.37202425864803,0.121664815,-69.07423262286112,0.1191608,6.411410603910812,0.13236763,48.436394,62.882195,29.23087706284297,0.16373226,55.67518594457648,0.14928721,0.036905088,0.069974855,-0.099827565,-0.076212764,-0.024921834,-0.06722817,-0.18848194,-0.035176136,-0.36663908,0.11003362,371,0,367,4,-1.9752465,321.8686,0.0,0.0,31,false,1.776877,,,,,,,,43,28,0.23355024,48,16,1,0.044981945,120.33788,0,0,0.9265983,0.16621573,0.075160064,0.12617731,0.04327453,-36.174126,-9.413101,-24.988903,41.641438,false,376,601.8985090569746,8.211064,73.303345,18.738558,41,368.9894885130199,29.307573,12.590243,18.921007,26,252.5931557000785,21.764446,11.60577,18.741842,1.0327034,0,3,0,1,0,0.17916489,0.18244934,-0.0032844543,,,,,,,,,,,,,,,,,,,,,,,VARIABLE,286.74427909187443,-43.45869983962616,331.66298114268034,-74.0492914734739,false,false,0,false,false,false,true,false,false,false,false,5.0943055E-10,2.5445799E-9,4.9933235E-5,,,,,,,,,,,,,,,,,,,,,,,12.77332577133405,http://byw.tools/wiseview#ra=47.37202425864803&dec=-69.07423262286112&size=100&speed=50&band=3&minbright=-50&maxbright=100&window=1.5&zoom=10&gaia=1&outer_epochs=0,GALEX J030929.2-690427,WD?,Include: Not much info. in Fusillo+  Pwd 100. Variable. W1-W2 ~0.6,,included
in Simbad as WD candidate. Variable.,1636148068921376768,J0455-5707,4764068163850888064,530715351,2016.0,73.94419235631995,0.09516986,-57.12644449411168,0.10564605,4.637617347519845,0.10921389,42.463623,16.474342,-14.884733469344653,0.11855149,7.060357640838824,0.20004876,0.100206316,0.45253623,-0.10675082,-0.15435319,0.24975848,0.009228487,-0.20645046,0.21218249,-0.2131548,-0.4639505,259,0,258,1,0.5666549,277.5106,0.0,0.0,31,false,1.6992675,,,,,,,,30,20,0.29172283,38,13,0,0.32752475,53.512897,0,0,1.0239681,0.08694534,0.12898466,0.12481704,0.24788837,-110.76717,-69.08738,48.620655,7.4006057,false,291,1016.470482613106,26.058659,39.007015,18.16963,36,672.3274614394106,47.577663,14.131158,18.26959,35,611.2108054729912,55.67837,10.977527,17.782417,1.2627404,0,0,0,2,0,0.48717308,0.09996033,0.38721275,,,,,,,,,,,,,,,,,,,,,,,VARIABLE,265.8135466884256,-38.06399397690676,43.9052743165812,-77.97377068098133,true,false,0,false,false,false,true,false,false,false,false,0.92621887,0.028877378,9.157219E-4,,,,,,,,,,,,,,,,,,,,,,,11.5011046101203,http://byw.tools/wiseview#ra=73.94419235631995&dec=-57.12644449411168&size=100&speed=50&band=3&minbright=-50&maxbright=100&window=1.5&zoom=10&gaia=1&outer_epochs=0,GALEX J045546.6-570735,WD?,Include: Variable. This looks like potential CV,,included
Tentatively variable and high W1-W2. See WISEVIEW,1636148068921376768,J0338-3328,4862847803157741184,147674377,2016.0,54.64163869306336,0.09972486,-33.46717082694881,0.11388544,7.224586426495537,0.15141895,47.712563,86.92183,67.66350517052749,0.12489878,54.56239021120338,0.17774226,-0.1547869,-0.050675623,0.101689994,-0.07928883,0.051206943,-0.05449405,-0.050456483,-0.09154609,0.2646675,-0.21547298,480,0,478,2,0.49705806,510.40936,0.0,0.0,31,false,1.6927718,,,,,,,,55,28,0.252895,60,20,0,0.02170765,75.40292,0,0,1.0154958,0.15366656,0.23974147,0.12166254,0.23604952,-96.54106,63.15315,12.158625,30.607393,false,509,615.8195688453535,1.2612891,488.24615,18.713734,50,421.3761507340358,11.241405,37.4843,18.776867,51,293.0472509495537,6.6016917,44.38972,18.580551,1.1601181,0,3,0,1,0,0.19631577,0.06313324,0.13318253,,,,,,,,,,,,,,,,,,,,,,,NOT_AVAILABLE,233.37139993792607,-53.61740745583485,39.98366569109565,-50.94799296886728,false,false,0,true,false,false,false,false,false,false,false,0.0049096593,2.7773097E-9,5.450018E-5,,,,,,,,,,,,,,,,,,,,,,,13.007798627240888,http://byw.tools/wiseview#ra=54.64163869306336&dec=-33.46717082694881&size=100&speed=50&band=3&minbright=-50&maxbright=100&window=1.5&zoom=10&gaia=1&outer_epochs=0,GALEX J033833.9-332802,WD*,Include: Not much info. In Fusillo+  Pwd 100. Tentatively variable but I keep this in.,,included
Epoch variability Check WISEVIEW,1636148068921376768,J0058-5638,4907742035447425024,1201966369,2016.0,14.56390480282224,0.04232385,-56.63625356755383,0.042070534,12.353010370580373,0.05380901,229.57141,92.37991,-89.71475814040069,0.053736575,-22.02975191089001,0.05672626,-0.102246895,0.2596006,-0.083006285,-0.037200905,-0.0952501,0.031551067,0.30686924,-0.039430186,-0.22605276,-0.055422086,459,0,456,3,0.80879545,502.2666,0.06705287,0.1809799,31,false,1.7255808,,,,,,,,53,31,0.080883786,55,18,0,0.020433415,62.58779,0,0,1.0263048,0.12756188,0.11487132,0.050928686,0.14689769,-94.074295,38.697124,51.367256,3.2561061,false,472,2993.8089929420894,2.489217,1202.711,16.996807,50,2067.285306803467,9.912181,208.56009,17.050041,48,1345.4909437804895,10.50489,128.08234,16.925694,1.1399446,0,5,0,2,0,0.12434769,0.0532341,0.07111359,,,,,,,,,,,,,,,,,,,,,,,NOT_AVAILABLE,301.03024842256417,-60.46681585350509,338.9044935431855,-55.213774421951896,false,false,0,true,false,false,false,false,false,false,false,5.0943055E-10,2.5445799E-9,4.9933235E-5,,,,,,,,,,,,,,,,,,,,,,,12.455671128479048,http://byw.tools/wiseview#ra=14.56390480282224&dec=-56.63625356755383&size=100&speed=50&band=3&minbright=-50&maxbright=100&window=1.5&zoom=10&gaia=1&outer_epochs=0,WISE J005815.35-563810.4,WD*,Exclude: In Guidry+ and is Vincent+ as DZ.. (polluted),Guidry+ 2024 Vincent+ 2024,excluded
Variable High W1-W2,1636148068921376768,J0738-5931,5292816120167834880,1348046851,2016.0,114.69753154658558,0.15956536,-59.51690705800342,0.17551276,0.4293472632722444,0.17140923,2.5048082,6.1914735,0.6311192828457137,0.20262171,6.159223430195723,0.23231214,0.13461137,0.22584343,-0.03541595,0.08097472,0.19166107,0.04598384,-0.18372044,-0.11201832,0.009804801,0.13602568,294,0,292,2,1.5795747,338.06763,0.5931455,1.2389073,31,false,1.7480013,,,,,,,,34,26,0.33044958,36,14,0,0.02451933,114.91182,0,0,1.065463,0.08970168,0.14474823,0.05874559,0.13766992,-100.70242,-50.859497,29.828686,-28.516079,false,309,529.4582570006958,2.7567618,192.05803,18.877787,33,367.9314459102701,10.629194,34.615177,18.924126,31,222.4788452493565,7.6374702,29.129913,18.879673,1.1151215,0,0,0,0,0,0.044452667,0.046339035,-0.0018863678,,,,,,,,,,,,,,,,,,,,,,,NOT_AVAILABLE,271.56436941526533,-17.477934734650045,159.3089880904761,-76.90469052084077,true,true,0,false,false,false,false,false,false,false,false,0.027903495,0.9458225,1.6425802E-6,,,,,,,,,,,,,,,,,,,,,,,7.041830131259783,http://byw.tools/wiseview#ra=114.69753154658558&dec=-59.51690705800342&size=100&speed=50&band=3&minbright=-50&maxbright=100&window=1.5&zoom=10&gaia=1&outer_epochs=0,Gaia DR3 5292816120167834880,*,"Include: Variable with Mir emission. Could be hSD.. ",,included
Variable high W1-W2. Likely periodic I dont quite get the right period but it is close. CV?,1636148068921376768,J1057-3743,5394157179187961984,1464741446,2016.0,164.4052913755934,0.2171721,-37.7255006422312,0.295366,0.9343548528070016,0.36897781,2.5322793,17.273539,5.364180717927172,0.42773375,-16.419522239834563,0.41370705,-0.40266487,0.19371833,-0.4920072,0.16545786,-0.2475506,0.316093,-0.3079401,-0.31638736,-0.14013523,-0.034438666,336,0,334,2,2.8601203,429.1429,1.1017791,2.6827037,31,false,1.6417593,,,,,,,,39,18,0.626166,51,16,0,0.19850591,18.65009,0,0,1.1124961,0.4141649,0.39821753,0.1665932,0.095987745,-70.87811,80.54128,22.262789,-9.620502,false,421,312.2738755769251,6.3096466,49.4915,19.451027,41,214.57305209970133,16.71055,12.840573,19.509604,47,199.382306563289,13.609315,14.65043,18.998678,1.3256164,0,1,0,0,0,0.5109253,0.058576584,0.4523487,,,,,,,,,,,,,,,,,,,,,,,VARIABLE,279.3093396461575,19.870384687294656,183.62808328360003,-40.23831063732235,true,false,0,false,false,false,true,false,false,false,false,0.81131697,0.03977883,8.104353E-4,,,,,,,,,,,,,,,,,,,,,,,9.303586144270582,http://byw.tools/wiseview#ra=164.4052913755934&dec=-37.7255006422312&size=100&speed=50&band=3&minbright=-50&maxbright=100&window=1.5&zoom=10&gaia=1&outer_epochs=0,,,"Include: Could be periodic, cv?",,included
Variable. Visible in WISE during first epoch(s) then ~disappears. See WISEVIEW.,1636148068921376768,J1247-7154,5842184734165393664,1529149399,2016.0,191.88023035031048,0.24455231,-71.909990055007,0.23433816,4.376639259863042,0.29531613,14.820184,90.65693,-89.4236133639466,0.2779863,14.902871101672783,0.32633,-0.011261753,-0.27002352,-0.2688016,0.06091498,0.017627934,0.09003235,0.023396647,0.025129968,0.08718467,0.05170059,308,0,306,2,1.0959778,346.10297,0.62941706,0.5962762,31,false,1.6217935,,,,,,,,36,24,0.45313105,41,16,0,0.035807192,74.98732,0,0,1.043876,0.09533422,0.094253995,0.06313384,0.20938823,-38.118702,-55.799133,-22.36763,-15.828942,false,340,310.89934556744726,1.7744651,175.20737,19.455818,36,209.526509243938,7.333182,28.572388,19.535444,37,198.6157429656931,7.2360334,27.448153,19.002861,1.3127794,0,2,0,0,0,0.53258324,0.07962608,0.45295715,,,,,,,,,,,,,,,,,,,,,,,NOT_AVAILABLE,302.6240411633743,-9.040581650627818,235.1734012879691,-57.85490869815538,false,false,0,false,false,false,false,false,false,false,false,2.5908227E-7,1.05718465E-8,0.9999995,,,,,,,,,,,,,,,,,,,,,,,12.661521935257785,http://byw.tools/wiseview#ra=191.88023035031048&dec=-71.909990055007&size=100&speed=50&band=3&minbright=-50&maxbright=100&window=1.5&zoom=10&gaia=1&outer_epochs=0,Gaia DR3 5842184734165393664,WD?,Include: Variable. in Fusillo+  Pwd 0.92.,,included
Interesting looking LPV. Not sure what is happening.,1636148068921376768,J1248-3442,6155820292843679744,1032470999,2016.0,192.20371847982773,0.035799205,-34.702347618339815,0.03197361,6.002382714996654,0.050277982,119.38392,64.895874,-47.950821379239535,0.04357808,-43.72863548396931,0.03814072,-0.17930631,-0.15504903,-0.36211264,0.044841085,-0.21877904,0.08016475,-0.4648703,0.04862668,0.26463383,-0.28797224,339,0,337,2,1.3105118,776.3011,0.2774084,14.862581,31,false,1.8716431,,,,,,,,39,18,0.06692688,41,20,0,0.016790293,18.051191,0,0,1.0502657,0.3533598,0.2759583,0.12317543,0.5201149,-136.34924,28.386261,-6.4571834,-13.867044,false,353,14462.327393607036,27.212507,531.45886,15.286772,40,11928.050446213876,58.384823,204.30054,15.147119,39,4772.940323170603,34.26103,139.31107,15.55093,1.1547928,0,0,0,0,0,-0.40381145,-0.1396532,-0.26415825,,,,,,,,,,,,,,,,,,,,,,,VARIABLE,302.3203898221336,28.16628781088865,205.6529206368563,-26.949582649863466,false,false,0,true,false,false,true,false,false,false,false,5.0943055E-10,2.5445799E-9,4.9933235E-5,,,,,,,,,,,,,,,,,,,,,,,9.178390188343482,http://byw.tools/wiseview#ra=192.20371847982773&dec=-34.702347618339815&size=100&speed=50&band=3&minbright=-50&maxbright=100&window=1.5&zoom=10&gaia=1&outer_epochs=0,UCAC4 277-065161,WD*,Include: Variable. in Fusillo+  Pwd 100. No excess in Favieres+. 2024 Pure H in Vincent+,Favieres+ 2024 Vincent+ 2024,included
High W1-W2 variable. CV?,1636148068921376768,J2304-6749,6390835302643294464,376539812,2016.0,346.0152283905002,0.28067228,-67.83286551798365,0.32716918,2.1172634530728573,0.3404719,6.218614,22.404604,22.379325826092533,0.32453802,-1.0639677631502962,0.39445454,-0.33660987,0.08652799,-0.37750563,0.17076221,-0.1025862,0.20587842,-0.52938735,0.0916463,-0.22387536,-0.41135392,391,0,390,1,-0.7624442,384.2014,0.0,0.0,31,false,1.4760575,,,,,,,,45,28,0.63554597,51,25,0,0.049990654,21.047606,0,0,0.9717919,0.054477394,0.14450261,0.05323122,0.21181548,-170.74701,48.182655,-55.690353,-32.949722,false,420,211.05256862696007,2.7289581,77.33815,19.87639,44,122.84787702507782,9.231581,13.30735,20.115124,43,183.69964921120192,12.295042,14.940953,19.087626,1.4524701,0,1,0,1,0,1.0274982,0.23873329,0.78876495,,,,,,,,,,,,,,,,,,,,,,,NOT_AVAILABLE,317.1854884211228,-46.21115593049952,309.0058345322134,-54.42929641598431,false,false,0,false,false,false,false,false,false,false,false,1.2791155E-6,3.1660813E-5,0.99993145,,,,,,,,,,,,,,,,,,,,,,,11.50526496240633,http://byw.tools/wiseview#ra=346.0152283905002&dec=-67.83286551798365&size=100&speed=50&band=3&minbright=-50&maxbright=100&window=1.5&zoom=10&gaia=1&outer_epochs=0,,,Include: Variable. Gaia Pstar 100%. I don't know what this is.,,included
Tentatively variable and high W1-W2. See WISEVIEW,1636148068921376768,J2351-4018,6534335382682334592,893230708,2016.0,357.85557908353866,0.109344944,-40.304260565199534,0.15006462,3.0675533104138606,0.19938171,15.385329,11.589297,7.909042304058745,0.13911366,-8.471060553076668,0.18053523,0.14252624,0.05685257,-0.006431442,0.1376887,-0.18983577,0.23539646,0.24147049,-0.40676948,-0.39503527,0.27631333,371,0,370,1,-0.24382503,372.4922,0.0,0.0,31,false,1.7401882,,,,,,,,43,20,0.27604976,47,12,0,0.055976838,65.469826,0,0,0.99007887,0.23793359,0.24646397,0.14800915,0.59394515,110.74313,-73.6316,-19.046589,15.014324,false,404,628.1026757924154,5.7998357,108.29663,18.69229,45,438.2955870309233,16.235245,26.99655,18.734125,44,289.0252627185396,12.291881,23.51351,18.595556,1.157965,0,1,0,0,0,0.13856888,0.041835785,0.09673309,,,,,,,,,,,,,,,,,,,,,,,VARIABLE,342.3972278127981,-71.90365393483101,339.5957398031974,-35.59973314120369,false,false,0,false,false,false,true,false,false,false,false,3.2616052E-7,2.6117083E-5,0.9999372,,,,,,,,,,,,,,,,,,,,,,,11.12624994733785,http://byw.tools/wiseview#ra=357.85557908353866&dec=-40.304260565199534&size=100&speed=50&band=3&minbright=-50&maxbright=100&window=1.5&zoom=10&gaia=1&outer_epochs=0,GALEX J235125.3-401815,WD?,Exclude: Variable. Fusillo Pwd 0.96.  OBSERVED by ESO/XHOOTER Pala+,,excluded
This is old Tom's source I keep running into. Self-lensing binary?,1636148068921376768,J2131-3623,6589283094028544384,798890545,2016.0,322.90581768812217,0.18661287,-36.39568445660867,0.17852661,4.691688627921629,0.22129713,21.200857,45.38512,36.19968735657836,0.20950858,-27.375022728891345,0.20086971,0.5794133,0.21901748,-0.10575284,-0.6236375,0.21888258,-0.56835365,-0.72305846,-0.3440066,-0.24558458,0.51002944,499,0,497,2,0.14781143,519.38934,0.0,1.812102E-15,31,false,1.6812364,,,,,,,,57,17,0.3915992,59,19,0,0.10788325,50.850315,0,0,1.0040373,0.17656346,0.52922106,0.367418,0.48474222,73.92018,-37.582935,11.038438,32.30611,false,510,574.8035581433793,1.9845729,289.6359,18.788568,57,396.8627315233191,11.246018,35.289177,18.841942,54,272.7817576088039,8.6615,31.493593,18.658358,1.1649971,0,1,0,1,0,0.18358421,0.053373337,0.13021088,,,,,,,,,,,,,,,,,,,,,,,VARIABLE,7.582539398747665,-47.01138858376306,313.2953505533306,-20.56579957468317,false,false,0,true,false,false,true,false,false,false,false,2.6989989E-7,1.12941045E-7,0.99999833,,,,,,,,,,,,,,,,,,,,,,,12.145214405159145,http://byw.tools/wiseview#ra=322.90581768812217&dec=-36.39568445660867&size=100&speed=50&band=3&minbright=-50&maxbright=100&window=1.5&zoom=10&gaia=1&outer_epochs=0,2MASS J21313738-3623437,WD*,Exclude: This is originally Tom's source so no need to keep on this list.,Vincent+ 2024,excluded
