ra,dec,mjd,w1mpro,w1sigmpro,w2mpro,w2sigmpro
318.1702233,-42.5001838,55312.857507,16.832,0.453,15.015,0.315
318.1703786,-42.4999837,55313.254419,15.639,0.164,15.214,0.378
318.1705416,-42.4997729,55313.320635,14.487,0.067,13.847,0.121
318.170417,-42.4999736,55313.386724,14.96,0.105,14.209,0.157
318.169998,-42.4997017,55313.452939,15.941,0.204,14.76,
318.1703579,-42.4997813,55313.717548,15.487,0.144,14.421,0.22
318.1711351,-42.4998359,55313.849852,15.749,0.195,14.995,0.301
318.1707673,-42.5002807,55313.982156,16.591,0.367,14.908,0.244
318.1706121,-42.4998315,56777.90497332,15.484,0.14,14.885,
318.1709529,-42.5000864,56777.97067978,16.227,0.346,14.81,
318.1703577,-42.5000211,56778.03651355,16.379,0.307,14.8,0.314
318.1705642,-42.4998697,56778.2340149,16.002,0.235,15.378,0.519
318.1709173,-42.4997987,56778.49722269,16.346,0.33,14.868,0.414
318.1701995,-42.4999264,56778.62889024,16.719,0.448,15.28,0.435
318.1703771,-42.500239,56956.86084346,17.017,0.513,14.742,0.291
318.1702876,-42.5004087,56957.12379628,16.162,0.396,15.501,0.543
318.170424,-42.4999848,56957.25533628,16.329,0.286,14.276,0.224
318.1702809,-42.5001561,56961.46347551,15.901,0.191,14.643,0.331
318.1707816,-42.5001577,57139.47164525,16.563,0.485,14.673,0.267
318.1701869,-42.4999129,57139.6029309,15.368,0.135,14.57,0.253
318.170487,-42.5002143,57139.7342166,16.351,,15.151,0.412
318.1707514,-42.5000886,57139.79992313,15.828,0.205,14.681,0.255
318.1703089,-42.4999863,57139.86550234,15.92,0.266,14.818,0.329
318.1705299,-42.5002559,57140.12807373,16.491,0.32,14.772,0.281
318.1703575,-42.5000743,57140.45622427,15.527,0.273,14.606,0.295
318.170509,-42.4999354,57315.97613163,16.191,0.267,15.374,
318.1703393,-42.4997558,57316.1074173,15.913,0.202,14.785,0.41
318.1706681,-42.4999029,57316.23857556,16.3,0.312,14.607,0.278
318.170915,-42.5004125,57319.12431192,16.634,0.386,14.19,0.172
318.1704362,-42.5000699,57319.18989104,15.981,0.232,14.697,0.257
318.1708083,-42.4999889,57319.25547017,15.6,0.154,15.382,0.497
318.1705105,-42.5000957,57319.25559749,15.524,0.161,14.304,0.199
318.1705228,-42.5001023,57319.32117657,15.574,0.157,15.206,0.452
318.1708879,-42.5001241,57319.38675574,16.197,0.263,14.986,0.399
318.1708336,-42.5000562,57319.58349317,16.368,0.296,15.176,0.445
318.1708565,-42.5003164,57319.71465142,15.753,0.176,14.802,0.299
318.1708018,-42.4999327,57319.84580968,16.362,0.347,14.789,0.323
318.1708274,-42.500253,57503.71006869,15.548,0.145,15.082,0.369
318.1703516,-42.499987,57503.84109969,15.762,0.184,14.434,0.202
318.1707569,-42.4999724,57503.84122705,15.583,0.156,14.725,0.298
318.1708383,-42.5004169,57503.97225804,15.966,0.193,14.827,
318.1705585,-42.5001916,57504.03770543,15.913,0.189,14.708,0.29
318.1706092,-42.5001673,57504.10328458,16.458,0.384,14.845,0.305
318.1705149,-42.5000581,57504.16873634,15.125,0.13,14.446,0.204
318.1701995,-42.5000668,57504.1688637,15.398,0.225,14.704,0.237
318.1702164,-42.5000127,57504.23431546,15.637,0.164,14.236,0.211
318.1704869,-42.5001074,57504.29989458,15.788,0.203,15.353,0.413
318.170825,-42.500183,57508.36261661,16.55,0.332,14.664,0.337
318.1707305,-42.500203,57677.74025703,16.133,0.231,15.01,0.341
318.1706069,-42.5002407,57677.87128826,16.365,0.303,14.782,0.275
318.1704278,-42.4996686,57678.00219225,16.316,0.303,14.171,0.236
318.1703125,-42.5000408,57678.13322348,15.863,0.215,14.882,0.286
318.1707321,-42.500496,57678.19880338,16.101,0.223,14.507,0.203
318.1703372,-42.4996962,57678.26425535,16.478,0.355,15.207,0.415
318.1700815,-42.5000599,57678.32970727,16.115,0.258,14.714,
318.1699036,-42.5002596,57678.72280117,16.68,0.381,15.038,0.473
318.170807,-42.5000908,57678.85383247,16.038,0.226,14.812,0.323
318.1702998,-42.499988,57870.65941247,15.966,0.204,14.835,0.289
318.1703882,-42.5000665,57870.65953983,16.248,,14.765,0.257
318.1711496,-42.4999137,57871.18328177,16.244,,14.11,0.234
318.1705732,-42.5001828,57871.51066786,16.234,0.323,14.711,
318.1705163,-42.4998244,57871.64157131,16.011,0.229,15.196,0.538
318.170316,-42.5000682,58038.74360624,15.803,0.164,14.685,
318.1709727,-42.5002424,58038.8090579,16.047,0.234,15.11,0.369
318.1710103,-42.5002695,58038.87450962,16.312,0.313,14.696,
318.1706071,-42.4998882,58039.00541306,15.433,0.221,15.28,0.413
318.1706272,-42.500426,58235.01860244,15.837,0.188,14.953,0.369
318.1709707,-42.5001591,58235.47663725,15.931,0.193,15.373,
318.1706666,-42.5000339,58235.73844417,15.659,0.17,15.045,
318.1703374,-42.4999686,59697.44372969,15.505,0.153,14.589,0.242
318.1702269,-42.4999073,59697.57425102,15.922,0.204,14.76,
318.1707026,-42.5002258,59697.83529383,16.269,0.519,14.755,
318.1706575,-42.5004571,59697.90061821,16.089,0.248,14.731,0.285
318.1706217,-42.5003438,59698.09646399,16.393,0.298,14.616,0.289
318.1710675,-42.5002351,59698.42283118,16.234,0.349,15.348,0.473
318.1703493,-42.5002792,59698.5533526,16.331,0.285,15.074,0.349
318.1703993,-42.5001652,59861.45879479,15.572,0.157,14.427,
318.1706021,-42.5001253,59861.58918866,15.719,0.178,14.881,0.442
318.1710389,-42.500309,59861.71958262,16.139,0.284,14.453,
318.1707912,-42.5002905,59861.91517363,15.826,0.202,15.538,0.53
318.1705459,-42.5002054,59862.04544029,16.314,0.438,15.204,0.438
318.1704064,-42.4998624,59862.30622888,16.213,0.258,14.735,
318.1703268,-42.5001768,59862.43662284,15.9,0.207,14.253,0.195
318.1702739,-42.5002327,60061.66777466,15.786,0.181,15.032,0.439
318.1703044,-42.4999775,60061.79765939,16.049,0.225,15.072,0.344
318.170262,-42.4998682,60061.92767153,15.882,0.237,14.817,
318.1704211,-42.5000356,60061.99261387,16.304,0.296,14.909,0.338
318.1705423,-42.5000374,60062.05755625,15.842,0.255,14.79,0.298
318.1705669,-42.5001747,60062.31732579,15.364,0.132,14.374,
318.1705444,-42.5000972,60062.38226813,15.47,0.139,14.669,0.36
318.1704946,-42.5002021,60062.51215291,15.626,0.166,14.235,
318.1701317,-42.4999152,60062.77192244,16.19,0.302,14.801,0.296
318.1700092,-42.4995796,60062.77204976,15.971,0.2,14.819,
318.170262,-42.5000068,60225.61436922,14.696,0.088,14.616,0.249
318.1700506,-42.4998543,60225.74387181,15.412,0.156,14.935,0.451
318.1708475,-42.5003039,60226.26162748,16.846,0.445,14.616,0.25
318.1703428,-42.5004236,60226.32631512,15.896,0.212,14.942,0.466
318.1702574,-42.5001577,60226.58519293,15.106,0.106,14.74,0.317
318.1704292,-42.5003598,60226.71469551,15.232,0.123,14.946,0.345
318.1701108,-42.4998824,60425.88503627,15.992,0.296,15.18,0.447
318.1707415,-42.5002093,60426.33428507,16.174,0.288,14.561,0.299
318.1708525,-42.4999723,60426.39846343,15.491,0.188,14.309,0.189
318.1703112,-42.5001311,60426.46264174,14.674,0.099,13.969,0.153
318.170359,-42.4997806,60426.52682009,15.157,0.139,14.582,0.351
318.1705577,-42.5001166,60426.59099836,15.475,0.157,14.664,0.294
